<keymap version="1" name="Default copy" parent="$default">
  <action id="$Redo">
    <keyboard-shortcut first-keystroke="shift ctrl z" />
    <keyboard-shortcut first-keystroke="shift alt back_space" />
    <keyboard-shortcut first-keystroke="ctrl y" />
  </action>
  <action id="Console.TableResult.DeleteRows" />
  <action id="Editor Redo">
    <keyboard-shortcut first-keystroke="ctrl y" />
  </action>
  <action id="EditorDecreaseFontSize">
    <mouse-shortcut keystroke="control button142" />
  </action>
  <action id="EditorDeleteLine" />
  <action id="EditorIncreaseFontSize">
    <mouse-shortcut keystroke="control button143" />
  </action>
</keymap>